ID,USERNAME,FIRSTNAME,LASTNAME,EMAIL,PASSWORD,PHONE,USERSTATUS
101,kfalk0,Falk,mfalk0@1und1.de,Gj4EWM5yMWYF,205-452-6640,29
103,dpotticary1,Potticary,bpotticary1@ca.gov,K454LNUzyKX,797-636-8751,18
101,ebinestead2,Binestead,rbinestead2@answers.com,k2zcmdODyiZ,674-485-6191,21
101,lcisco3,Cisco,jcisco3@foxnews.com,acngqLE,932-294-6905,95
103,alossman4,Lossman,tlossman4@phoca.cz,RojPSkXh,861-214-7791,16
103,hworsnup5,Worsnup,wworsnup5@timesonline.co.uk,MLshjUmCHNfa,683-730-0234,88
101,jarkwright6,Arkwright,karkwright6@seesaa.net,ODhnDnKqG,631-978-9531,43
102,fearly7,Early,nearly7@last.fm,Om47W4,916-699-3769,16
102,rguerro8,Guerro,gguerro8@bing.com,TWQWPD3Svsc,905-285-7429,18
101,mpascho9,Pascho,dpascho9@scribd.com,oc8hMze,702-939-4459,63
103,mlarchera,Larcher,slarchera@yelp.com,d8noXwoU6S,773-911-4720,97
103,kkarpinskib,Karpinski,ckarpinskib@google.it,BKpUgs,405-726-8257,73
101,jdeevesc,Deeves,jdeevesc@skyrock.com,5VIFk4zFRl,853-508-0446,41
101,cruthend,Ruthen,mruthend@macromedia.com,qo2mZ1,196-463-1923,86
101,lszymanskie,Szymanski,lszymanskie@example.com,KWslTCcu7f,884-178-6380,43
103,agrittenf,Gritten,mgrittenf@dailymotion.com,9NjSfl,999-308-1218,20
101,rbleything,Bleythin,jbleything@addtoany.com,FKJW6h3Guc5v,127-854-9170,25
101,ihardih,Hardi,ehardih@github.io,v7ZA3j,977-246-0209,12
101,rellistoni,Elliston,mellistoni@mapy.cz,yJp8XHe,226-905-6203,44
102,rgoodissonj,Goodisson,lgoodissonj@cbslocal.com,vq3hTb,253-899-4317,95